"Reference","Qty","Value","DNP","Exclude from BOM","Exclude from Board","Footprint","Datasheet"
"C1,C4,C5,C6,C7,C10","6","10µF","","","","Capacitor_SMD:CP_Elec_6.3x3",""
"C2,C3,C9,C11","4","0.1µF","","","","Capacitor_SMD:CP_Elec_5x3",""
"C14","1","4.7µF","","","","Capacitor_SMD:CP_Elec_4x5.7",""
"C15","1","100µF","","","","Capacitor_SMD:CP_Elec_10x10",""
"J1","1","Barrel_Jack","","","","Connector_BarrelJack:BarrelJack_Horizontal",""
"J2","1","Conn_01x02","","","","Battery:BatteryHolder_Eagle_12BH611-GR",""
"J3","1","USB_C_Receptacle_USB2.0_16P","","","","Connector_USB:USB_C_Receptacle_GCT_USB4085","https://www.usb.org/sites/default/files/documents/usb_type-c.zip"
"J4","1","Display Connector","","","","Connector_PinHeader_1.00mm:PinHeader_1x08_P1.00mm_Vertical_SMD_Pin1Left",""
"Q1","1","FS8205A","","","","FS8205A:SOP65P640X120-8N",""
"R1","1","120Ω","","","","Resistor_SMD:R_0201_0603Metric",""
"R2,R3,R4,R7,R8,R9,R10,R25","8","10kΩ","","","","Resistor_SMD:R_1812_4532Metric",""
"R5","1","1.1kΩ","","","","Resistor_SMD:R_0612_1632Metric",""
"R6","1","1.13kΩ","","","","Resistor_SMD:R_0612_1632Metric",""
"R12","1","1kΩ","","","","Resistor_SMD:R_0612_1632Metric",""
"R13,R14","2","4.7kΩ","","","","Resistor_SMD:R_1218_3246Metric",""
"SW1","1","SW_Push_Shielded","","","","Button_Switch_SMD:SW_SP3T_PCM13",""
"U1","1","ESP32-C3-WROOM-02","","","","RF_Module:ESP32-C3-WROOM-02","https://www.espressif.com/sites/default/files/documentation/esp32-c3-wroom-02_datasheet_en.pdf"
"U2","1","TLV75709PDBV","","","","Package_TO_SOT_SMD:SOT-23-5","https://www.ti.com/lit/ds/symlink/tlv757p.pdf"
"U3","1","MAX30102","","","","OptoDevice:Maxim_OLGA-14_3.3x5.6mm_P0.8mm","https://datasheets.maximintegrated.com/en/ds/MAX30102.pdf"
"U4","1","AD8232","","","","AD8232:AD8232",""
"U5","1","BQ24075RGT","","","","Package_DFN_QFN:VQFN-16-1EP_3x3mm_P0.5mm_EP1.6x1.6mm","http://www.ti.com/lit/ds/symlink/bq24075.pdf"
"U6","1","TMP117xxDRV","","","","Package_SON:WSON-6-1EP_2x2mm_P0.65mm_EP1x1.6mm","https://www.ti.com/lit/ds/symlink/tmp117.pdf"
"U10","1","DW01A","","","","Package_TO_SOT_SMD:SOT-23-6","https://hmsemi.com/downfile/DW01A.PDF"
